Indiv,Z,pure_a,pure_b,F1,F2,a_bx,b_bx
COPE_0469.fp2.repr,z1,0,0.9999877,0,0,0,1.23e-5
COPE_0470.fp2.repr,NA,0,0.9999227,0,0,0,7.73e-5
COPE_0471.fp2.repr,z1,0,0.9999949,0,0,0,5.1e-6
COPE_0472.fp2.repr,z1,8.394000839400084e-4,0.9980230998023101,3.7400003740000376e-5,1.281000128100013e-4,1.810000181000018e-5,9.539000953900096e-4
COPE_0473.fp2.repr,z1,0,0.9999928,0,0,0,7.2000000000000005e-6
COPE_0474.fp2.repr,z1,0,0.99996729999673,0,5.00000050000005e-7,0,3.2200003220000326e-5
COPE_0475.fp2.repr,NA,0,0.9914693,1.0000000000000001e-7,2.999e-4,0,0.008230699999999999
COPE_0476.fp2.repr,z1,0,0.99998389999839,0,0,0,1.6100001610000163e-5
COPE_0477.fp2.repr,z1,0,0.9999877,0,0,0,1.23e-5
COPE_0478.fp2.repr,NA,0.07872631574526315,0,0.020652704130540826,0.07640411528082305,0.824215264843053,1.6000003200000642e-6
COPE_0479.fp2.repr,z0,0.9999927,0,0,0,7.3e-6,0
COPE_0480.fp2.repr,NA,1.2999997400000517e-5,0.9943621011275797,2.1699995660000868e-5,4.3619991276001743e-4,2.299999540000092e-6,0.005164698967060207
COPE_0481.fp2.repr,z1,0,0.9999974,0,0,0,2.6e-6
COPE_0482.fp2.repr,NA,0,0.999995,0,0,0,4.9999999999999996e-6
COPE_0483.fp2.repr,z1,0,0.99999389999939,0,0,0,6.1000006100000605e-6
COPE_0484.fp2.repr,z1,0,0.9998469,0,3.2000000000000003e-6,0,1.499e-4
COPE_0485.fp2.repr,z0,0.9999844,0,0,1.0000000000000001e-7,1.55e-5,0
COPE_0486.fp2.repr,z0,0.990886089974699,0.001865402051942257,7.318008049808855e-4,0.0014569016025917628,0.004420304862335349,6.395007034507737e-4
COPE_0487.fp2.repr,z1,4.0000016000006404e-7,0.9990100996040399,1.400000560000224e-6,1.1340004536001816e-4,3.0000012000004807e-7,8.744003497601399e-4
COPE_0488.fp2.repr,z0,0.99999359999936,0,0,0,6.400000640000065e-6,0
COPE_0489.fp2.repr,NA,0.3082748533801173,0.28580667135466287,0.00279759776192179,0.35037701969838425,0.0189048848760921,0.03383897292882166
COPE_0490.fp2.repr,z1,0,0.99981859996372,0,9.200001840000368e-6,0,1.722000344400069e-4
COPE_0491.fp2.repr,z0,0.9997954,0,0,2.8999999999999998e-6,2.017e-4,0
COPE_0492.fp2.repr,z0,0.9999842,0,0,0,1.58e-5,0
COPE_0493.fp2.repr,z0,0.9999968,0,0,0,3.2000000000000003e-6,0
COPE_0494.fp2.repr,z1,0,0.9999931,0,0,0,6.9e-6
COPE_0495.fp2.repr,z1,0,0.9999789,0,1.2999999999999998e-6,0,1.98e-5
COPE_0496.fp2.repr,NA,0,0.9936756,0,5e-7,0,0.0063238999999999995
COPE_0497.fp2.repr,z1,0,0.9999974,0,0,0,2.6e-6
COPE_0498.fp2.repr,NA,0.99990979999098,0,0,1.300000130000013e-6,8.89000088900009e-5,0
COPE_0499.fp2.repr,z0,0.99994389998878,0,0,2.0000004000000802e-7,5.590001118000224e-5,0
COPE_0500.fp2.repr,NA,0.009572410529651583,0.9610969572066529,4.00000440000484e-6,0.020659222725144998,2.840003124003436e-4,0.008383409221750144
COPE_0501.fp2.repr,z0,0.9998598,0,1.0000000000000001e-7,2.9e-6,1.372e-4,0
COPE_0502.fp2.repr,NA,0.07896081054513476,0.8083037316252243,3.928005499207699e-4,0.09543633361086706,0.005785108099151339,0.011121215569701798
COPE_0503.fp2.repr,NA,5.2100046890042195e-05,0.9861777875600088,1.4700013230011906e-5,0.0011485010336509303,3.300002970002673e-6,0.012603611343250208
COPE_0504.fp2.repr,NA,0,0.9997515999751599,0,2.00000020000002e-7,0,2.482000248200024e-4
COPE_0505.fp2.repr,z0,0.9999968,0,0,0,3.2000000000000003e-6,0
COPE_0506.fp2.repr,z0,0.999996,0,0,1.0000000000000001e-7,3.9e-6,0
COPE_0507.fp2.repr,z1,0,0.999997,0,0,0,3e-6
COPE_0508.fp2.repr,z1,0,0.9999955,0,0,0,4.5e-6
COPE_0509.fp2.repr,z1,0,0.9999963,0,0,0,3.7e-6
COPE_0510.fp2.repr,NA,0,0.9996167000383299,0,1.0599998940000105e-5,0,3.726999627300037e-4
COPE_0511.fp2.repr,NA,0.7345304530939093,0,0,0.0014738997052200589,0.26399564720087054,0
COPE_0512.fp2.repr,NA,0,0.99992069999207,0,1.00000010000001e-7,0,7.920000792000078e-5
COPE_0514.fp2.repr,z0,0.99999420000000006,0,0,0,5.8e-6,0
COPE_0515.fp2.repr,NA,0,0.963361874353312,0,9.200006440004508e-6,0,0.036628925640247945
COPE_0517.fp2.repr,NA,0,0.99875100000000006,0,4.0000000000000003e-7,0,0.0012486
COPE_0518.fp2.repr,NA,0.99979179995836,0,0,1.300000260000052e-6,2.069000413800083e-4,0
COPE_0519.fp2.repr,z0,0.99947089994709,0,2.200000220000022e-6,1.7950001795000178e-4,3.473000347300035e-4,1.0000001000000101e-7
COPE_0520.fp2.repr,z1,0,0.99939809981943,1.00000030000009e-7,9.450002835000849e-5,0,5.073001521900456e-4
COPE_0521.fp2.repr,z1,0,0.9999979,0,0,0,2.1e-6
COPE_0522.fp2.repr,z1,0,0.9999948,0,1.0000000000000001e-7,0,5.1e-6
COPE_0523.fp2.repr,NA,0.8820615882061589,2.00000020000002e-7,6.00000060000006e-7,0.011479901147990114,0.10645741064574106,3.0000003000000295e-7
COPE_0524.fp2.repr,z1,0,0.9999932000006799,0,9.9999990000001e-8,0,6.699999330000067e-6
COPE_0525.fp2.repr,z1,0,0.9999885,0,1.0000000000000001e-7,0,1.1400000000000001e-5
COPE_0526.fp2.repr,NA,0.8424763472570959,2.1629993511001948e-4,1.2789996163001152e-4,0.14390355682893294,0.012451696264491122,8.241997527400742e-4
COPE_0527.fp2.repr,z1,0,0.9999943,0,0,0,5.7000000000000005e-6
COPE_0528.fp2.repr,z1,0,0.9999931,0,0,0,6.9e-6
COPE_0529.fp2.repr,z1,0,0.9998407999204,0,1.4300007150003575e-5,0,1.4490007245003623e-4
COPE_0530.fp2.repr,z1,0,0.9999805,0,0,0,1.95e-5
COPE_0531.fp2.repr,z1,0,0.9999759000024099,0,9.9999990000001e-8,0,2.399999760000024e-5
COPE_0532.fp2.repr,z1,0,0.9999835,0,0,0,1.65e-5
COPE_0534.fp2.repr,z1,0,0.9999986,0,0,0,1.4000000000000001e-6
COPE_0535.fp2.repr,NA,0,0.9997855999785601,0,0,0,2.1440002144000215e-4
COPE_0536.fp2.repr,NA,0,0.999663,0,4.1e-6,0,3.3289999999999996e-4
COPE_0537.fp2.repr,NA,0.9997589000241099,0,0,9.9999990000001e-8,2.409999759000024e-4,0
COPE_0538.fp2.repr,z1,0,0.99999509999951,0,0,0,4.9000004900000495e-6
COPE_0539.fp2.repr,NA,0,0.9998136,0,5e-7,0,1.859e-4
COPE_0540.fp2.repr,z1,0.017752198224780177,0.9772647022735298,4.4579995542000443e-4,6.912999308700068e-4,4.907999509200048e-4,0.003355199664480033
COPE_0541.fp2.repr,NA,0,0.9995523000000001,0,3.9e-6,0,4.438e-4
COPE_0542.fp2.repr,NA,0,0.9999555,0,0,0,4.45e-5
COPE_0543.fp2.repr,z1,0,0.9999992,0,0,0,8.000000000000001e-7
COPE_0544.fp2.repr,z1,0,0.9999042000095799,0,2.2999997700000227e-6,0,9.349999065000092e-5
COPE_0545.fp2.repr,z1,0,0.9999987,0,0,0,1.3e-6
COPE_0546.fp2.repr,z1,0,0.99998339999834,0,0,0,1.6600001660000164e-5
COPE_0547.fp2.repr,z1,0,0.9999652,0,0,0,3.48e-5
COPE_0548.fp2.repr,z0,0.9999848,0,0,1.0000000000000001e-7,1.51e-5,0
COPE_0549.fp2.repr,z0,0.99995509999551,0,0,1.00000010000001e-7,4.480000448000044e-5,0
COPE_0550.fp2.repr,NA,0.9990434995217498,0,0,4.700002350001175e-6,9.51800475900238e-4,0
COPE_0551.fp2.repr,NA,1.9640005892001769e-4,0.8013739404121821,2.200000660000198e-6,0.14827214448164333,1.0850003255000976e-4,0.05004681501404451
COPE_0552.fp2.repr,NA,0,0.99979389997939,0,1.0000001000000101e-7,0,2.0600002060000208e-4
COPE_0553.fp2.repr,z0,0.7641042820521411,0.22090881045440522,0.001272400636200318,0.004008502004251002,0.007354103677051838,0.002351901175950588
COPE_0554.fp2.repr,z0,0.99998719999744,0,0,0,1.2800002560000512e-5,0
COPE_0555.fp2.repr,z1,0,0.99986479998648,0,2.100000210000021e-6,0,1.3310001331000133e-4
COPE_0556.fp2.repr,z0,0.9999974,0,0,0,2.6e-6,0
COPE_0557.fp2.repr,NA,0.9903474971042492,0,0,2.5700007710002316e-5,0.009626802888040867,0
COPE_0558.fp2.repr,z1,0,0.9999866,0,1.0000000000000001e-7,0,1.33e-5
COPE_0559.fp2.repr,z0,0.9999139,0,0,0,8.61e-5,0
COPE_0560.fp2.repr,NA,9.9999990000001e-8,0.9996937000306299,1.99999980000002e-7,8.89999911000009e-6,0,2.9709997029000296e-4
COPE_0561.fp2.repr,z1,0,0.999997,0,0,0,3e-6
COPE_0562.fp2.repr,z0,0.9973953973953974,0,0,9.025009025009026e-4,0.0017021017021017022,0
COPE_0563.fp2.repr,NA,0,0.0167418,0.0415245,0.0118749,4.0000000000000003e-7,0.9298584
COPE_0565.fp2.repr,z1,0,0.9999928,0,0,0,7.2000000000000005e-6
COPE_0566.fp2.repr,z0,0.9942939977175991,0,0,0.004399501759800703,0.001306300522520209,2.0000008000003202e-7
COPE_0567.fp2.repr,z1,0,0.9999891,0,0,0,1.09e-5
COPE_0568.fp2.repr,NA,0,0.9811297981129798,0,4.7020004702000474e-4,0,0.018400001840000183
COPE_0569.fp2.repr,z0,0.9999312,0,0,1.68e-5,5.2e-5,0
COPE_0570.fp2.repr,NA,0,0.99895229979046,0,1.300000260000052e-6,0,0.001046400209280042
COPE_0571.fp2.repr,z1,0.021817617454093965,0.9714107771286217,7.992006393605115e-4,0.0012471009976807981,7.09500567600454e-4,0.00401580321264257
COPE_0572.fp2.repr,z1,0,0.99999420000000006,0,0,0,5.8e-6
COPE_0573.fp2.repr,NA,0,0.999601,0,0,0,3.9900000000000005e-4
COPE_0575.fp2.repr,z1,0,0.99994769999477,0,3.2000003200000315e-6,0,4.910000491000049e-5
COPE_0576.fp2.repr,z1,0,0.9999954,0,0,0,4.6e-6
COPE_0577.fp2.repr,z1,0,0.9999872,0,0,0,1.2800000000000001e-5
COPE_0578.fp2.repr,z1,1.2300006150003074e-4,0.9975329987664994,4.630002315001157e-5,2.7420013710006855e-4,1.2000006000003e-5,0.0020115010057505027
COPE_0579.fp2.repr,z1,0,0.999988,0,0,0,1.2e-5
COPE_0580.fp2.repr,z1,0,0.9999831,0,0,0,1.69e-5
COPE_0582.fp2.repr,z0,0.9998350000164999,0,0,7.99999920000008e-7,1.6419998358000164e-4,0
COPE_0583.fp2.repr,z1,0,0.9999959,0,0,0,4.1e-6
COPE_0584.fp2.repr,z1,0,0.9999952,0,0,0,4.8e-6
COPE_0585.fp2.repr,z1,0,0.9999658,0,6.2e-6,0,2.8e-5
COPE_0586.fp2.repr,NA,0.9846787954036386,0,0,1.0500003150000945e-5,0.015310704593211377,0
COPE_0587.fp2.repr,NA,0.99939720006028,0,0,2.9699997030000296e-5,5.730999426900057e-4,0
COPE_0588.fp2.repr,NA,0,0.9999747,0,0,0,2.53e-5
COPE_0589.fp2.repr,z1,0,0.9999968,0,0,0,3.2000000000000003e-6
COPE_0591.fp2.repr,NA,0.650185890111534,0,2.150001290000774e-4,0.008537905122743073,0.34104500462700277,1.6200009720005834e-5
COPE_0592.fp2.repr,z1,0,0.9999963,0,0,0,3.7e-6
COPE_0593.fp2.repr,z0,0.99990809999081,0,0,3.0000003000000295e-7,9.16000091600009e-5,0
COPE_0594.fp2.repr,z0,0.9999857,0,0,0,1.43e-5,0
COPE_0595.fp2.repr,z1,0,0.9999699,0,0,0,3.01e-5
COPE_0596.fp2.repr,z1,0,0.9999926,0,0,0,7.4e-6
COPE_0597.fp2.repr,z1,0,0.99996329999633,0,1.00000010000001e-7,0,3.6600003660000365e-5
COPE_0598.fp2.repr,NA,0.36414606358539364,0.5629389437061055,0.0013793998620600138,0.05318639468136053,0.010578498942150105,0.007770699222930077
COPE_0599.fp2.repr,z1,0,0.99998640000136,0,1.99999980000002e-7,0,1.3399998660000134e-5
COPE_0600.fp2.repr,NA,0,0.9994492999449299,0,1.3880001388000138e-4,0,4.119000411900041e-4
COPE_0601.fp2.repr,z1,0,0.999999,0,0,0,1.0000000000000002e-6
COPE_0602.fp2.repr,z1,0,0.9999972,0,0,0,2.8000000000000003e-6
COPE_0603.fp2.repr,z1,0,0.9999029,0,2.0000000000000002e-7,0,9.69e-5
COPE_0604.fp2.repr,z1,0,0.9995204,2.0000000000000002e-7,6.3e-5,2.0000000000000002e-7,4.162e-4
COPE_0605.fp2.repr,NA,0,0.9938524987704997,0,3.3700006740001345e-5,0,0.006113801222760245
COPE_0606.fp2.repr,NA,0.9925055985011196,0,0,3.00000060000012e-6,0.007491401498280299,0
COPE_0607.fp2.repr,z1,0,0.9999991,0,0,0,9.000000000000001e-7
COPE_0608.fp2.repr,z1,0,0.9999983,0,0,0,1.7e-6
COPE_0610.fp2.repr,z1,0,0.9999916,0,0,0,8.400000000000001e-6
COPE_0611.fp2.repr,z1,0,0.9999956,0,0,0,4.4e-6
COPE_0612.fp2.repr,z1,0,0.9999986,0,0,0,1.4000000000000001e-6
COPE_0613.fp2.repr,z1,0,0.9999972,0,0,0,2.8000000000000003e-6
COPE_0614.fp2.repr,z0,0.9998867999660399,0,0,1.4000004200001262e-6,1.1180003354001006e-4,0
COPE_0615.fp2.repr,NA,0.9917148,0,0,2.66e-5,0.0082586,0
COPE_0616.fp2.repr,z0,0.99999,0,0,1.0000000000000001e-7,9.9e-6,0
COPE_0617.fp2.repr,NA,0.9163516247164623,5.00000450000405e-7,1.5500013950012556e-5,0.05643475079127571,0.02681582413424172,3.8180034362030925e-4
COPE_0618.fp2.repr,NA,0.9553689,0,0,1.023e-4,0.0445288,0
COPE_0619.fp2.repr,z1,0,0.9999946,0,0,0,5.4e-6
COPE_0620.fp2.repr,NA,0.9995351,0,0,2.0000000000000002e-7,4.647e-4,0
COPE_0621.fp2.repr,z0,0.9999766,0,0,0,2.34e-5,0
COPE_0622.fp2.repr,z0,0.9999876,0,0,0,1.2400000000000002e-5,0
COPE_0623.fp2.repr,z0,0.9999532,0,0,4.1e-6,4.27e-5,0
COPE_0624.fp2.repr,z0,0.9999977,0,0,0,2.3e-6,0
COPE_0625.fp2.repr,z0,0.9999698,0,0,1.6e-6,2.86e-5,0
COPE_0626.fp2.repr,z0,0.9999881,0,0,2.0000000000000002e-7,1.1700000000000001e-5,0
COPE_0627.fp2.repr,NA,0,0.99923069976921,0,4.400001320000396e-6,0,7.649002294700689e-4
COPE_0628.fp2.repr,z1,0.09567571481085778,0.891642369970844,0.00176380211656254,0.0028385034062040873,0.0019319023182827822,0.0061477073772488525
COPE_0629.fp2.repr,z1,0,0.99992859997858,0,1.4000004200001262e-6,0,7.00000210000063e-5
COPE_0630.fp2.repr,NA,0,0.9999363,0,0,0,6.37e-5
COPE_0631.fp2.repr,z1,0,0.99985739998574,1.00000010000001e-7,1.0400001040000104e-5,0,1.3210001321000133e-4
COPE_0632.fp2.repr,z1,0,0.9999937,0,0,0,6.3e-6
COPE_0633.fp2.repr,z1,0,0.9999882,0,0,0,1.18e-5
COPE_0634.fp2.repr,NA,0,0.9999938,0,0,0,6.2e-6
COPE_0635.fp2.repr,z1,0,0.9999935,0,0,0,6.5000000000000004e-6
COPE_0636.fp2.repr,z1,0,0.99996139999614,0,1.00000010000001e-7,0,3.8500003850000384e-5
COPE_0637.fp2.repr,NA,0,0.9997452,0,1.0000000000000001e-7,0,2.547e-4
COPE_0638.fp2.repr,NA,0.9912588991258899,0,0,6.600000660000067e-6,0.00873450087345009,0
COPE_0639.fp2.repr,NA,0,0.9999669999967,0,0,0,3.300000330000034e-5
COPE_0640.fp2.repr,NA,0,0.992238,0,7.000000000000001e-7,0,0.0077613000000000005
COPE_0641.fp2.repr,z1,3.50000140000056e-6,0.9990617996247199,7.300002920001169e-6,6.590002636001054e-5,3.2000012800005123e-6,8.583003433201373e-4
COPE_0642.fp2.repr,NA,0.9959608,0,0,1.2e-6,0.004038,0
COPE_0643.fp2.repr,z0,0.9999844,0,0,0,1.56e-5,0
COPE_0644.fp2.repr,NA,0.9773705977370597,0,0,0.004197800419780041,0.018431601843160183,0
COPE_0645.fp2.repr,z1,0,0.9999963,0,0,0,3.7e-6
COPE_0646.fp2.repr,z1,0,0.99991109999111,0,5.00000050000005e-7,0,8.840000884000088e-5
COPE_0647.fp2.repr,z1,0,0.9999827,0,0,0,1.73e-5
COPE_0648.fp2.repr,NA,0,0.9966869003313099,0,2.599999740000026e-6,0,0.003310499668950033
COPE_0649.fp2.repr,z0,0.9999129,0,0,0,8.71e-5,0
COPE_0650.fp2.repr,NA,0,0.9999599000040099,0,9.9999990000001e-8,0,3.999999600000039e-5
COPE_0651.fp2.repr,z1,0,0.9999729999973,0,1.00000010000001e-7,0,2.6900002690000268e-5
COPE_0652.fp2.repr,z1,0,0.9999979,0,0,0,2.1000000000000002e-6
COPE_0653.fp2.repr,NA,0,0.9999867,0,0,0,1.3300000000000001e-5
COPE_0654.fp2.repr,z0,0.9999914,0,0,0,8.6e-6,0
COPE_0655.fp2.repr,z0,0.9999946,0,0,3e-7,5.1e-6,0
COPE_0656.fp2.repr,NA,0,0.99948719994872,0,3.00000030000003e-7,0,5.125000512500052e-4
COPE_0657.fp2.repr,NA,0,0.99991780000822,0,1.7999998200000181e-6,0,8.039999196000081e-5
COPE_0658.fp2.repr,z0,0.9966040989812297,0,1.100000330000099e-6,0.0011707003512101053,0.0022206006661801996,3.500001050000315e-6
COPE_0659.fp2.repr,NA,0,0.9851741970348394,7.400001480000296e-6,7.321001464200293e-4,1.0000002000000401e-7,0.014086202817240564
COPE_0660.fp2.repr,NA,0,0.9826541,0,4.0000000000000003e-7,0,0.0173455
COPE_0661.fp2.repr,NA,0,0.9999599,0,0,0,4.01e-5
COPE_0662.fp2.repr,z0,0.9999285,0,0,1.08e-5,6.07e-5,0
COPE_0663.fp2.repr,NA,0,0.9981707994512399,0,5.200001560000468e-6,0,0.0018240005472001642
COPE_0664.fp2.repr,NA,0,0.99983859998386,0,0,0,1.6140001614000163e-4
COPE_0665.fp2.repr,z1,0,0.9999891,0,0,0,1.09e-5
COPE_0666.fp2.repr,NA,0,0.9992195993756795,0,2.5900020720016576e-5,0,7.545006036004829e-4
COPE_0667.fp2.repr,z0,0.9999426,0,0,1.0000000000000001e-7,5.73e-5,0
COPE_0668.fp2.repr,z0,0.9999852999985299,0,0,1.00000010000001e-7,1.4600001460000146e-5,0
COPE_0669.fp2.repr,NA,0.9944587983376395,0,0,1.0100003030000909e-5,0.005531101659330497,0
COPE_0670.fp2.repr,NA,0,0.9998106,0,0,0,1.894e-4
COPE_0671.fp2.repr,z1,0,0.9999948,0,0,0,5.2e-6
COPE_0672.fp2.repr,z1,0,0.9999977,0,0,0,2.3e-6
COPE_0673.fp2.repr,NA,0,0.9871756038473188,0,0.011070596678820996,0,0.001753799473860158
COPE_0674.fp2.repr,NA,0,0.9998964,0,0,0,1.036e-4
COPE_0675.fp2.repr,z1,0,0.9999788000000001,0,1.0000000000000001e-7,0,2.11e-5
COPE_0676.fp2.repr,NA,0,0,0.8431395372558149,0.03825191530076612,3.392001356800543e-4,0.11826934730773891
COPE_0677.fp2.repr,NA,0,0.9999035000000001,0,0,0,9.65e-5
COPE_0678.fp2.repr,z1,0,0.9999895,0,0,0,1.0500000000000001e-5
COPE_0679.fp2.repr,z1,1.0000006000003599e-5,0.9986049991629995,1.5600009360005616e-5,1.2130007278004366e-4,7.400004440002663e-6,0.0012407007444204465
COPE_0680.fp2.repr,z1,0,0.9999952,0,0,0,4.800000000000001e-6
COPE_0681.fp2.repr,z1,0,0.9999796,0,2.0000000000000002e-7,0,2.02e-5
COPE_0682.fp2.repr,z1,0,0.999988,0,0,0,1.2e-5
COPE_0683.fp2.repr,z1,0,0.9999985,0,0,0,1.5e-6
COPE_0684.fp2.repr,z1,0,0.99999420000000006,0,0,0,5.8e-6
COPE_0685.fp2.repr,z1,0,0.999987,0,0,0,1.3e-5
COPE_0686.fp2.repr,z1,0,0.9999908,0,0,0,9.2e-6
COPE_0687.fp2.repr,NA,0,0.7116536558268279,0,3.5930017965008984e-4,0,0.287987043993522
COPE_0688.fp2.repr,z1,0,0.9999926,0,0,0,7.4e-6
COPE_0690.fp2.repr,NA,0.99848719984872,0,0,4.400000440000044e-6,0.0015084001508400152,0
COPE_0692.fp2.repr,z0,0.99984540001546,0,0,6.99999930000007e-7,1.5389998461000153e-4,0
COPE_0693.fp2.repr,NA,0,0.9996555000344499,0,3.099999690000031e-6,0,3.413999658600034e-4
COPE_0694.fp2.repr,z1,0,0.9999818,0,0,0,1.82e-5
COPE_0695.fp2.repr,z1,0,0.9999945,0,0,0,5.5e-6
COPE_0696.fp2.repr,z1,0,0.9999988,0,0,0,1.2000000000000002e-6
COPE_0697.fp2.repr,NA,0,0.9999806,0,0,0,1.94e-5
COPE_0698.fp2.repr,z1,6.404007044407749e-4,0.9970070967078064,1.0160011176012294e-4,3.408003748804124e-4,5.720006292006922e-5,0.0018529020381922421
COPE_0699.fp2.repr,z1,0,0.9999961,0,0,0,3.9e-6
COPE_0700.fp2.repr,z1,0,0.999998,0,0,0,2.0000000000000003e-6
COPE_0701.fp2.repr,z1,6.00000240000096e-7,0.99982719993088,8.00000320000128e-7,2.0300008120003248e-5,2.0000008000003202e-7,1.5090006036002414e-4
COPE_0702.fp2.repr,z1,0,0.9999913,0,0,0,8.7e-6
COPE_0703.fp2.repr,z1,0,0.9999851,0,0,0,1.49e-5
COPE_0704.fp2.repr,z0,0.9999818,0,0,0,1.8200000000000002e-5,0
COPE_0705.fp2.repr,z1,0,0.99999009999901,0,0,0,9.900000990000098e-6
COPE_0706.fp2.repr,z1,0,0.99985289994116,0,5.500002200000881e-6,0,1.4160005664002267e-4
COPE_0707.fp2.repr,NA,0.9024322414593449,0.07892434735460842,0.002136401281840769,0.003847902308741385,0.011218106730864038,0.0014410008646005188
COPE_0708.fp2.repr,z1,0,0.9999921,0,0,0,7.9e-6
COPE_0709.fp2.repr,z1,0,0.999999,0,0,0,1e-6
COPE_0710.fp2.repr,z1,0,0.9994999996999999,1.0000006000003601e-7,3.590002154001292e-5,1.0000006000003601e-7,4.63900278340167e-4
COPE_0711.fp2.repr,z0,0.9997821,0,0,6.720000000000001e-5,1.507e-4,0
COPE_0712.fp2.repr,z1,0,0.99984119996824,9.000001800000361e-7,1.7700003540000707e-5,2.0000004000000802e-7,1.400000280000056e-4
COPE_0713.fp2.repr,NA,0,0.9999785,0,0,0,2.15e-5
COPE_0715.fp2.repr,z1,0,0.9999945,0,0,0,5.500000000000001e-6
COPE_0716.fp2.repr,z1,0,0.9999859,0,0,0,1.41e-5
COPE_0717.fp2.repr,NA,0,0.9998351,0,1.6000000000000001e-6,0,1.6329999999999998e-4
COPE_0718.fp2.repr,z0,0.99998650000135,0,0,1.3999998600000138e-6,1.209999879000012e-5,0
COPE_0719.fp2.repr,z0,0.9999872,0,0,0,1.28e-5,0
COPE_0720.fp2.repr,z0,0.9999874,0,0,0,1.2600000000000001e-5,0
COPE_0721.fp2.repr,z0,0.999992,0,0,0,8e-6,0
COPE_0722.fp2.repr,z1,0,0.9999901,0,0,0,9.9e-6
COPE_0723.fp2.repr,z0,0.9998474,0,0,1.8000000000000001e-6,1.508e-4,0
COPE_0724.fp2.repr,NA,0.99981989996398,0,0,1.0000002000000401e-7,1.800000360000072e-4,0
COPE_0725.fp2.repr,NA,0,0.99248609924861,0,0.00604070060407006,0,0.0014732001473200147
COPE_0726.fp2.repr,z1,0,0.9999700999970099,0,1.700000170000017e-6,0,2.820000282000028e-5
COPE_0727.fp2.repr,NA,0,0.9998704,0,0,0,1.296e-4
COPE_0728.fp2.repr,NA,0,0.9996076000392399,0,3.99999960000004e-7,0,3.9199996080000393e-4
COPE_0729.fp2.repr,z1,0,0.99999469999947,0,0,0,5.3000005300000535e-6
COPE_0730.fp2.repr,z1,0,0.9999985,0,0,0,1.5e-6
COPE_0731.fp2.repr,z1,0,0.9999969,0,0,0,3.1e-6
COPE_0732.fp2.repr,z1,0,0.999977,0,0,0,2.3e-5
COPE_0734.fp2.repr,z1,0,0.9999978,0,0,0,2.2e-6
COPE_0735.fp2.repr,z1,0,0.9999974,0,0,0,2.6e-6
COPE_0736.fp2.repr,NA,0,0.9946702984010896,0,6.8000020400006115e-6,0,0.005322901596870479
COPE_0737.fp2.repr,z1,0,0.9999986,0,0,0,1.4000000000000001e-6
COPE_0738.fp2.repr,z1,0,0.9999201,0,6e-7,0,7.93e-5
COPE_0739.fp2.repr,z1,0,0.9999981,0,0,0,1.9e-6
COPE_0740.fp2.repr,NA,3.770004147004561e-5,0.9675077642585407,4.7500052250057473e-05,0.007956008751609627,4.3500047850052635e-5,0.024407526848279532
COPE_0741.fp2.repr,NA,0,0.9999314,0,0,0,6.86e-5
COPE_0742.fp2.repr,NA,0,0.9999822,0,0,0,1.7800000000000002e-5
COPE_0743.fp2.repr,z1,0,0.9999767,0,5e-7,0,2.2800000000000002e-5
COPE_0744.fp2.repr,z1,0,0.99998809999881,0,2.0000002000000202e-7,0,1.1700001170000118e-5
COPE_0745.fp2.repr,NA,0.06377453826472296,0.5703652422191453,6.120003672002203e-5,0.33654730192838117,0.008652105191263115,0.020599612359767417
COPE_0746.fp2.repr,z1,0,0.9999979,0,0,0,2.1000000000000002e-6
COPE_0747.fp2.repr,NA,0,0.9999197,0,2.0000000000000002e-7,0,8.01e-5
COPE_0748.fp2.repr,z1,0,0.9999987,0,0,0,1.3e-6
COPE_0749.fp2.repr,z1,0,0.9999291000070899,0,6.99999930000007e-7,0,7.01999929800007e-5
COPE_0750.fp2.repr,z1,0,0.999995,0,0,0,5e-6
COPE_0751.fp2.repr,NA,0,0.9999731,0,0,0,2.69e-5
COPE_0752.fp2.repr,z1,0,0.9999969,0,0,0,3.1000000000000004e-6
COPE_0753.fp2.repr,z1,0,0.99967439996744,0,1.3000001300000128e-6,0,3.243000324300032e-4
COPE_0754.fp2.repr,z1,0,0.9999773,0,0,0,2.27e-5
COPE_0755.fp2.repr,NA,0,0.9999913,0,0,0,8.7e-6
COPE_0756.fp2.repr,z1,0,0.9999899,0,0,0,1.01e-5
COPE_0757.fp2.repr,z1,0,0.9987991,0,1.0300000000000001e-5,0,0.0011906
COPE_0758.fp2.repr,z1,0,0.9999949,0,0,0,5.1e-6
COPE_0759.fp2.repr,z1,0,0.999993,0,0,0,7.000000000000001e-6
COPE_0760.fp2.repr,z1,0,0.999988,0,0,0,1.2e-5
COPE_0761.fp2.repr,z1,0,0.9999634999927,0,5.000001000000199e-7,0,3.600000720000144e-5
COPE_0762.fp2.repr,z1,0,0.99984469998447,0,1.0000001000000101e-7,0,1.5520001552000158e-4
COPE_0763.fp2.repr,z0,0.9999951,0,0,0,4.9000000000000005e-6,0
COPE_0764.fp2.repr,z1,0,0.9991964998393,0,2.7340005468001093e-4,0,0.00053010010602002125
COPE_0765.fp2.repr,z1,0,0.9999927,0,0,0,7.3e-6
COPE_0766.fp2.repr,z1,0,0.9999982000000001,0,0,0,1.8000000000000001e-6
COPE_0767.fp2.repr,z1,0,0.9999983,0,0,0,1.7e-6
COPE_0768.fp2.repr,z1,0,0.9999919,0,0,0,8.1e-6
COPE_0769.fp2.repr,NA,0,0.9812352962470593,0,2.1000004200000843e-6,0,0.01876260375252075
COPE_0770.fp2.repr,z1,0,0.99997,0,1.1e-6,0,2.8899999999999998e-5
COPE_0771.fp2.repr,z1,0,0.999992,0,1.0000000000000001e-7,0,7.9e-6
COPE_0772.fp2.repr,NA,0,0.978211593463478,1.00000030000009e-7,9.580002874000862e-5,0,0.021692506507751952
COPE_0773.fp2.repr,z1,0,0.9999781,0,2.0000000000000002e-7,0,2.1700000000000002e-5
COPE_0774.fp2.repr,z1,0,0.9999977,0,0,0,2.3e-6
COPE_0775.fp2.repr,z1,0,0.9999962,0,0,0,3.8e-6
COPE_0776.fp2.repr,z0,0.99997409999223,0,0,0,2.590000777000233e-5,0
COPE_0777.fp2.repr,z0,0.28349857142857143,0.6959568571428572,0.004309142857142857,0.003591142857142857,0.005349714285714286,0.007294571428571429
COPE_0778.fp2.repr,NA,0,0.9999916,0,0,0,8.400000000000001e-6
COPE_0779.fp2.repr,z1,1.50000060000024e-6,0.9991674996669998,2.5000010000004002e-6,7.730003092001238e-5,3.0000012000004807e-7,7.509003003601201e-4
COPE_0780.fp2.repr,z0,0.9986631,0,0,0,0.0013369,0
COPE_0781.fp2.repr,NA,0,0.99948729994873,0,2.0000002000000197e-6,0,5.107000510700051e-4
COPE_0782.fp2.repr,z1,0,0.9999751000024899,0,1.3999998600000138e-6,0,2.3499997650000233e-5
COPE_0783.fp2.repr,z1,0,0.9999975,0,0,0,2.5e-6
COPE_0784.fp2.repr,z1,0,0.99999009999901,0,0,0,9.900000990000098e-6
COPE_0785.fp2.repr,NA,0,0.9999867,0,1.0000000000000001e-7,0,1.32e-5
COPE_0786.fp2.repr,z1,0,0.9999507,0,1.0000000000000001e-7,0,4.92e-5
COPE_0787.fp2.repr,z1,0,0.9999434,0,4.0000000000000003e-7,0,5.62e-5
COPE_0788.fp2.repr,z1,0,0.99999,0,6e-7,0,9.4e-6
COPE_0789.fp2.repr,z1,0,0.9999983,0,0,0,1.7e-6
COPE_0790.fp2.repr,z1,0,0.9999982000000001,0,0,0,1.8000000000000001e-6
COPE_0791.fp2.repr,z1,0,0.9999975,0,0,0,2.5e-6
COPE_0792.fp2.repr,z1,0.004724605197065717,0.9928151920967113,9.440010384011422e-5,4.8610053471058814e-4,1.3830015213016735e-4,0.001741401915542107
COPE_0793.fp2.repr,z1,0,0.99998149999815,0,0,0,1.8500001850000183e-5
COPE_0794.fp2.repr,z1,0,0.9999984,0,0,0,1.6000000000000001e-6
COPE_0795.fp2.repr,z1,0,0.9999805,0,0,0,1.95e-5
COPE_0796.fp2.repr,NA,0,0.8101832,0,1.468e-4,0,0.18967
COPE_0797.fp2.repr,z1,0,0.9999958,0,0,0,4.2000000000000004e-6
COPE_0798.fp2.repr,z1,0,0.9999968,0,0,0,3.2000000000000003e-6
COPE_0799.fp2.repr,z1,0,0.999996,0,0,0,4e-6
COPE_0800.fp2.repr,NA,9.999998000000403e-8,0.9424722115055578,8.792998241400352e-4,0.0020608995878200827,1.149999770000046e-5,0.05457598908480219
COPE_0801.fp2.repr,NA,0,0.9999154,0,1.0000000000000001e-7,0,8.450000000000001e-5
COPE_0802.fp2.repr,z1,0,0.9999716,0,2.0000000000000002e-7,0,2.82e-5
COPE_0803.fp2.repr,z1,0,0.9999832,0,0,0,1.6800000000000002e-5
COPE_0804.fp2.repr,NA,0,0.9985034,0,7.000000000000001e-7,0,0.0014958999999999999
COPE_0805.fp2.repr,z1,0,0.99999739999974,0,0,0,2.6000002600000264e-6
COPE_0806.fp2.repr,NA,0,0.9681954968195496,0,3.9760003976000395e-4,0,0.031406903140690313
COPE_0807.fp2.repr,z1,3.940002758001931e-5,0.9992346994642897,3.0000021000014697e-6,1.4690010283007198e-4,4.00000280000196e-6,5.720004004002803e-4
COPE_0808.fp2.repr,z1,0,0.9999977,0,0,0,2.3e-6
COPE_0809.fp2.repr,z1,0,0.9999856,0,0,0,1.44e-5
COPE_0810.fp2.repr,z1,0,0.9999810999981099,0,3.00000030000003e-7,0,1.8600001860000186e-5
COPE_0811.fp2.repr,z1,3.0150015075007536e-4,0.9983554991777496,2.860001430000715e-5,1.976000988000494e-4,1.68000084000042e-5,0.001100000550000275
COPE_0812.fp2.repr,z1,0,0.9999974,0,0,0,2.6e-6
COPE_0813.fp2.repr,z1,0,0.9999949,0,0,0,5.1e-6
COPE_0814.fp2.repr,z1,0,0.9999697,0,2.0000000000000002e-7,0,3.01e-5
COPE_0815.fp2.repr,NA,0,0.999768,0,0,0,2.32e-4
COPE_0816.fp2.repr,z1,0,0.9999891,0,0,0,1.09e-5
COPE_0817.fp2.repr,z1,0.02251101575771103,0.971329779930846,4.845003391502375e-4,0.0013048009133606396,5.356003749202625e-4,0.003834302684011879
COPE_0818.fp2.repr,z1,0,0.9999975,0,0,0,2.5e-6
COPE_0819.fp2.repr,z1,0,0.999998,0,0,0,2.0000000000000003e-6
COPE_0820.fp2.repr,z1,0,0.999993,0,0,0,7.000000000000001e-6
COPE_0821.fp2.repr,NA,0,5.000006000007199e-7,0.959092350910821,0.0053986064783277735,5.16000619200743e-5,0.03545694254833105
COPE_0822.fp2.repr,z1,0,0.9999926,0,1.0000000000000001e-7,0,7.3e-6
COPE_0823.fp2.repr,z1,0,0.9999949,0,0,0,5.1e-6
COPE_0824.fp2.repr,NA,0,0.1073157,1.23e-5,0.0036768,0,0.8889952
COPE_0825.fp2.repr,NA,0,0.99967749996775,0,2.1000002100000207e-6,0,3.204000320400032e-4
COPE_0826.fp2.repr,z1,0,0.9999973,0,0,0,2.7e-6
COPE_0827.fp2.repr,z1,4.399999120000177e-6,0.9992764001447201,6.299998740000253e-6,5.159998968000207e-5,8.99999820000036e-7,6.603998679200265e-4
COPE_0828.fp2.repr,NA,0,0.14526974020328579,4.029995567004876e-5,0.023566674076658516,0,0.8311232857643857
COPE_0829.fp2.repr,z1,0,0.99998519999852,0,5.00000050000005e-7,0,1.4300001430000145e-5
COPE_0830.fp2.repr,z1,0,0.99998809999881,0,0,0,1.1900001190000121e-5
COPE_0831.fp2.repr,z1,0,0.9999933,0,0,0,6.7e-6
COPE_0832.fp2.repr,z1,0,0.9997444,0,1.47e-5,0,2.409e-4
COPE_0833.fp2.repr,z1,0,0.9999958,0,0,0,4.2000000000000004e-6
COPE_0834.fp2.repr,z1,0,0.99954980013506,0,3.249999025000292e-5,0,4.1769987469003763e-4
COPE_0835.fp2.repr,z1,0.00826089834782033,0.9876398024720395,2.3379995324000936e-4,6.073998785200244e-4,2.6399994720001054e-4,0.00299409940118012
COPE_0836.fp2.repr,z0,0.9999757,0,0,0,2.43e-5,0
COPE_0837.fp2.repr,z1,0,0.9999905,0,0,0,9.5e-6
COPE_0838.fp2.repr,z1,0,0.99994719999472,0,4.0000004000000404e-7,0,5.2400005240000524e-5
COPE_0839.fp2.repr,z1,0.09853410985341098,0.8890464889046489,0.0015641001564100155,0.0029866002986600297,0.001960100196010019,0.005908600590860059
COPE_0840.fp2.repr,NA,0,0.9999851,0,0,0,1.49e-5
COPE_0841.fp2.repr,z1,0,0.9999070000186001,0,1.5999996800000642e-6,0,9.139998172000367e-5
COPE_0842.fp2.repr,z0,0.999855,0,0,6.23e-5,8.27e-5,0
COPE_0843.fp2.repr,z0,0.9999936,0,0,0,6.4000000000000006e-6,0
COPE_0845.fp2.repr,z1,0,0.99999029999903,0,0,0,9.700000970000097e-6
COPE_0846.fp2.repr,z1,0,0.99994419999442,0,4.00000040000004e-7,0,5.540000554000055e-5
COPE_0847.fp2.repr,NA,0,0.9995699999569999,0,5.000000500000049e-7,0,4.2950004295000426e-4
COPE_0848.fp2.repr,NA,0,0.9999286000000001,0,0,0,7.14e-5
COPE_0849.fp2.repr,z1,0,0.9999962,0,0,0,3.8e-6
COPE_0850.fp2.repr,z0,0.9994771,0,0,2.6700000000000002e-5,4.962e-4,0
COPE_0851.fp2.repr,z1,0,0.9999874,0,0,0,1.26e-5
COPE_0852.fp2.repr,z1,0,0.99996840000316,0,3.99999960000004e-7,0,3.119999688000031e-5
COPE_0853.fp2.repr,z1,0,0.9999812,0,0,0,1.88e-5
COPE_0854.fp2.repr,NA,0,0.9996541,0,0,0,3.459e-4
COPE_0855.fp2.repr,z1,0.0017519996496000699,0.9955403008919398,1.932999613400077e-4,7.379998524000295e-4,2.0849995830000831e-4,0.0015678996864200627
COPE_0856.fp2.repr,NA,0.9993923,0,0,2.0000000000000002e-7,6.075e-4,0
COPE_0857.fp2.repr,z1,0,0.9997899,0,1.8000000000000001e-6,0,2.083e-4
COPE_0858.fp2.repr,z1,0.05847336877173865,0.9314466251191668,0.001552223162963533,0.001853031426079652,0.0014264655109891985,0.005248286009062228
COPE_0859.fp2.repr,z0,0.99995619999124,0,0,1.0000002000000401e-7,4.370000874000175e-5,0
COPE_0860.fp2.repr,z0,0.99949329984799,8.10000243000073e-6,2.2800006840002054e-5,9.76000292800088e-5,3.686001105800332e-4,9.600002880000864e-6
COPE_0861.fp2.repr,NA,0,0.99998129999813,0,0,0,1.8700001870000188e-5
COPE_0862.fp2.repr,z1,0,0.9999799,0,0,0,2.01e-5
COPE_0863.fp2.repr,z1,0,0.99999,0,0,0,1e-5
COPE_0864.fp2.repr,NA,0.99884440011556,0,0,8.429999157000085e-5,0.0010712998928700105,0
COPE_0865.fp2.repr,z1,0,0.9999957,0,0,0,4.3e-6
COPE_0866.fp2.repr,z1,0,0.9999824,0,0,0,1.76e-5
COPE_0867.fp2.repr,z1,0,0.99997560000244,0,3.99999960000004e-7,0,2.399999760000024e-5
COPE_0868.fp2.repr,z1,0,0.999992,0,0,0,8e-6
COPE_0869.fp2.repr,z0,0.9974745989898396,1.9700007880003153e-5,1.780000712000285e-5,1.9290007716003086e-4,0.0022887009154803663,6.3000025200010085e-6
COPE_0870.fp2.repr,NA,0,0.9999761,0,0,0,2.39e-5
COPE_0871.fp2.repr,z1,0,0.999995,0,0,0,5e-6
COPE_0872.fp2.repr,z1,0,0.9999968,0,0,0,3.2000000000000003e-6
COPE_0873.fp2.repr,z1,4.0000028000019603e-7,0.9992351994646396,1.400000980000686e-6,5.720004004002803e-5,3.00000210000147e-7,7.055004938503457e-4
COPE_0874.fp2.repr,NA,0,0.9579439042056095,0,0.03286489671351033,9.9999990000001e-8,0.009191099080890093
COPE_0875.fp2.repr,NA,7.000002800001119e-7,0.9879900951960381,4.0000016000006404e-7,4.570001828000731e-5,1.0000004000001601e-7,0.011963004785201913
COPE_0876.fp2.repr,z1,0,0.9999985,0,0,0,1.5e-6
COPE_0877.fp2.repr,z1,0,0.9999966,0,0,0,3.4e-6
COPE_0878.fp2.repr,z1,0,0.9999499000000001,0,0,0,5.01e-5
COPE_0879.fp2.repr,z1,0,0.9999964,0,0,0,3.6000000000000003e-6
COPE_0880.fp2.repr,NA,0.07107644975351483,0.9131925392347775,0.0024683017278112097,0.0030349021244314876,0.0020193014135109896,0.008208505745954024
COPE_0882.fp2.repr,z1,0,0.9999761,0,3e-7,0,2.36e-5
COPE_0883.fp2.repr,z1,0,0.999999,0,0,0,1.0000000000000002e-6
COPE_0884.fp2.repr,z1,0.09743860974386097,0.8918779891877989,0.0012693001269300128,0.002638400263840026,0.0016598001659800165,0.00511590051159005
COPE_0885.fp2.repr,z1,0,0.9999955,0,0,0,4.5e-6
COPE_0886.fp2.repr,z1,0,0.9999977,0,0,0,2.3e-6
COPE_0887.fp2.repr,z1,0,0.99997379999476,0,1.0000002000000401e-7,0,2.6100005220001044e-5
COPE_0888.fp2.repr,z1,0,0.9999896,0,0,0,1.04e-5
COPE_0889.fp2.repr,NA,0,0.99999,0,0,0,1e-5
COPE_0890.fp2.repr,z1,0,0.9999923999992401,0,0,0,7.600000760000076e-6
COPE_0891.fp2.repr,z1,0,0.9999978,0,0,0,2.2e-6
COPE_0892.fp2.repr,z1,0,0.9999959,0,0,0,4.1e-6
COPE_0893.fp2.repr,z1,0,0.9998382,0,7.48e-5,0,8.7e-5
COPE_0894.fp2.repr,z0,0.9999562999956301,0,0,0,4.370000437000044e-5,0
COPE_0895.fp2.repr,z1,0,0.9999988,0,0,0,1.2000000000000002e-6
COPE_0896.fp2.repr,z1,0,0.99996849999685,0,0,0,3.1500003150000314e-5
COPE_0897.fp2.repr,z1,0,0.9999718,0,0,0,2.82e-5
COPE_0898.fp2.repr,NA,0,0.9987858987858987,5.000005000005e-7,2.786002786002786e-4,1.0000010000010002e-7,9.349009349009349e-4
COPE_0899.fp2.repr,NA,0,0.9999889999989,0,0,0,1.1000001100000111e-5
COPE_0900.fp2.repr,z1,0,0.9999985,0,0,0,1.5e-6
COPE_0901.fp2.repr,z1,0,0.999983,0,0,0,1.7e-5
COPE_0902.fp2.repr,z1,0,0.9999944,0,0,0,5.6e-6
COPE_0903.fp2.repr,z1,0,0.99999539999954,0,0,0,4.600000460000046e-6
COPE_0904.fp2.repr,z1,0,0.9999879,0,0,0,1.21e-5
COPE_0905.fp2.repr,z1,1.970002167002384e-5,0.9995344994879495,2.600002860003146e-6,5.370005907006498e-5,1.600001760001936e-6,3.8790042669046936e-4
COPE_0906.fp2.repr,z1,7.00000070000007e-7,0.99878469987847,3.2000003200000315e-6,1.326000132600013e-4,3.200000320000032e-6,0.0010756001075600107
COPE_0907.fp2.repr,NA,0,0.999274999855,0,1.0000002000000399e-6,0,7.24000144800029e-4
COPE_0908.fp2.repr,z1,0,0.9999629,0,3.0000000000000004e-7,0,3.68e-5
COPE_0909.fp2.repr,z1,0,0.9999882,0,0,0,1.18e-5
COPE_0910.fp2.repr,z1,0,0.9999855,0,3e-7,0,1.42e-5
COPE_0911.fp2.repr,z1,0,0.9999742,0,0,0,2.58e-5
COPE_0912.fp2.repr,z1,0,0.9999015999901599,0,5.7000005700000565e-6,0,9.270000927000092e-5
COPE_0913.fp2.repr,z1,0,0.9999972,0,0,0,2.8000000000000003e-6
COPE_0914.fp2.repr,z1,0,0.9999968,0,0,0,3.2000000000000003e-6
COPE_0915.fp2.repr,z1,0,0.99995769999577,0,5.00000050000005e-7,0,4.1800004180000414e-5
COPE_0916.fp2.repr,z1,0,0.9999977,0,0,0,2.3e-6
COPE_0917.fp2.repr,z1,0,0.99980969994291,0,6.900002070000622e-6,0,1.834000550200165e-4
COPE_0918.fp2.repr,z1,0,0.9999961,0,0,0,3.9e-6
COPE_0919.fp2.repr,z0,0.9999871,0,0,0,1.29e-5,0
COPE_0920.fp2.repr,z1,0,0.99999169999917,0,0,0,8.300000830000084e-6
COPE_0921.fp2.repr,z1,0,0.9999969,0,0,0,3.1000000000000004e-6
COPE_0922.fp2.repr,z1,0,0.99999409999941,0,0,0,5.900000590000059e-6
COPE_0923.fp2.repr,NA,0,0.9997534,0,0,0,2.466e-4
COPE_0924.fp2.repr,z1,0,0.9999985,0,0,0,1.5e-6
COPE_0925.fp2.repr,z1,0,0.9999775,0,4.0000000000000003e-7,0,2.21e-5
COPE_0926.fp2.repr,NA,0,0.9999582,0,0,0,4.18e-5
COPE_0927.fp2.repr,NA,0,0.9992945,0,4.0000000000000003e-7,0,7.051000000000001e-4
COPE_0928.fp2.repr,NA,0,0.9795897,0,1.3e-6,0,0.020409
COPE_0929.fp2.repr,z1,0,0.99997069999707,0,3.0000003000000295e-7,0,2.9000002900000288e-5
COPE_0930.fp2.repr,NA,0,0.9972336,0,7e-6,0,0.0027594
COPE_0931.fp2.repr,z1,0,0.9999922,0,0,0,7.8e-6
COPE_0932.fp2.repr,z1,0,0.9999892,0,0,0,1.08e-5
COPE_0933.fp2.repr,z1,0,0.9999888,0,0,0,1.12e-5
COPE_0934.fp2.repr,z1,0,0.9999964,0,0,0,3.6000000000000003e-6
COPE_0935.fp2.repr,NA,0.052151157366273106,0.8721693593862954,5.668006234806859e-4,0.06303556933912627,0.0028175030992534096,0.009259610185571204
COPE_0936.fp2.repr,NA,0,0.9997323999732399,0,1.6800001680000165e-5,0,2.508000250800025e-4
COPE_0937.fp2.repr,z1,0,0.9999977,0,0,0,2.3e-6
COPE_0938.fp2.repr,z1,0,0.99985889995767,0,1.7000005100001529e-6,0,1.3940004182001254e-4
COPE_0939.fp2.repr,z1,0,0.9999788000000001,0,0,0,2.12e-5
COPE_0940.fp2.repr,z1,0,0.999976,0,1.4999999999999998e-6,0,2.2499999999999998e-5
COPE_0941.fp2.repr,z1,0,0.9999955,0,1.0000000000000001e-7,0,4.4e-6
COPE_0942.fp2.repr,z1,0,0.99999289999929,0,0,0,7.10000071000007e-6
COPE_0943.fp2.repr,z0,0.999888,0,0,1.12e-5,1.0080000000000001e-4,0
COPE_0944.fp2.repr,z1,0,0.9999605,0,8.000000000000001e-7,0,3.87e-5
COPE_0945.fp2.repr,z1,0,0.99966479996648006,0,1.0000001000000101e-7,0,3.351000335100034e-4
COPE_0946.fp2.repr,z1,0.05230904707814237,0.9392475453227908,0.0010816009734408761,0.0015440013896012507,0.0011859010673109605,0.004631904168713752
COPE_0947.fp2.repr,z0,0.99998080000192,0,0,9.9999990000001e-8,1.909999809000019e-5,0
COPE_0948.fp2.repr,NA,0,0.9999886,0,0,0,1.1400000000000001e-5
COPE_0949.fp2.repr,z1,0,0.99999,0,0,0,1e-5
COPE_0950.fp2.repr,z1,2.3480016436011502e-4,0.9981027986719591,2.1700015190010632e-5,3.2860023002016103e-4,1.5400010780007548e-5,0.0012967009076906354
COPE_0951.fp2.repr,NA,0,0.9999791,0,0,0,2.09e-5
COPE_0952.fp2.repr,z1,0,0.9999927,0,0,0,7.3e-6
COPE_0953.fp2.repr,z1,0,0.99973529992059,0,2.6500007950002385e-5,0,2.3820007146002146e-4
COPE_0954.fp2.repr,z1,0,0.9999902,0,0,0,9.8e-6
COPE_0955.fp2.repr,NA,0,0.98906489890649,0,1.600000160000016e-6,0,0.01093350109335011
COPE_0956.fp2.repr,NA,0,0.9999365999936599,0,0,0,6.340000634000062e-5
COPE_0957.fp2.repr,z1,0.07465666267166866,0.9150135424932286,0.00152049923975038,0.0018618990690504654,0.0017616991191504402,0.005185697407151296
COPE_0958.fp2.repr,z1,0,0.99997829999783,0,1.00000010000001e-7,0,2.1600002160000216e-5
COPE_0960.fp2.repr,z1,0,0.9999951,0,0,0,4.9000000000000005e-6
COPE_0961.fp2.repr,z1,0,0.9999885000000001,0,1.0000000000000001e-7,0,1.1400000000000001e-5
COPE_0962.fp2.repr,z1,0,0.9999975,0,0,0,2.5e-6
COPE_0963.fp2.repr,NA,0,0.9951130985339295,1.00000030000009e-7,9.710002913000874e-5,0,0.004789701436910431
COPE_0964.fp2.repr,z1,0,0.999998,0,0,0,2.0000000000000003e-6
COPE_0965.fp2.repr,z1,0,0.9999854,0,0,0,1.46e-5
COPE_0966.fp2.repr,z1,0,0.999992,0,0,0,8e-6
COPE_0967.fp2.repr,z1,0,0.9999978,0,0,0,2.2e-6
COPE_0968.fp2.repr,z1,0,0.9999916,0,0,0,8.4e-6
COPE_0969.fp2.repr,z1,0,0.9999964,0,0,0,3.6000000000000003e-6
COPE_0970.fp2.repr,z1,0,0.9999778,0,4.0000000000000003e-7,0,2.18e-5
COPE_0971.fp2.repr,z1,0,0.9999977,0,0,0,2.3e-6
COPE_0972.fp2.repr,z1,0,0.999999,0,0,0,1.0000000000000002e-6
COPE_0973.fp2.repr,z1,0,0.9999862,0,0,0,1.38e-5
COPE_0974.fp2.repr,z1,0,0.9999752,0,1.0000000000000001e-7,0,2.47e-5
COPE_0975.fp2.repr,z1,0,0.9999949,0,0,0,5.1e-6
COPE_0976.fp2.repr,z1,0,0.9998428,0,1.14e-5,0,1.458e-4
COPE_0977.fp2.repr,z1,0,0.9999885,0,0,0,1.15e-5
COPE_0978.fp2.repr,NA,4.290001716000686e-5,0.943977777591111,1.7500007000002803e-5,0.04955351982140793,9.670003868001547e-5,0.00631160252464101
COPE_0979.fp2.repr,z1,0,0.9999740000026,0,4.99999950000005e-7,0,2.5499997450000255e-5
COPE_0980.fp2.repr,NA,0,0.9999843,0,6e-7,0,1.51e-5
COPE_0981.fp2.repr,z1,0,0.99999749999975,0,0,0,2.500000250000025e-6
COPE_0982.fp2.repr,z1,0,0.999991,0,1.0000000000000001e-7,0,8.900000000000001e-6
COPE_0983.fp2.repr,z1,0,0.9999888,0,1.0000000000000001e-7,0,1.11e-5
COPE_0984.fp2.repr,NA,0.09761727809382248,0.8194458555566845,6.781005424804339e-4,0.07000895600716481,0.003334002667202134,0.008915807132645706
COPE_0985.fp2.repr,NA,0,0.9997537,0,0,0,2.463e-4
COPE_0986.fp2.repr,z1,0.023720633208886496,0.9708330591662828,3.326004656406519e-4,0.0012436017410424375,3.205004487006282e-4,0.003549604969446957
COPE_0987.fp2.repr,z1,0,0.9999781,0,1.2999999999999998e-6,0,2.06e-5
COPE_0988.fp2.repr,NA,0,0.9999234,0,0,0,7.659999999999999e-5
COPE_0989.fp2.repr,z1,0,0.99999279999928,0,0,0,7.200000720000073e-6
COPE_0990.fp2.repr,z0,0.9999340999670501,0,0,3.0000015000007507e-7,6.56000328000164e-5,0
COPE_0991.fp2.repr,z0,0.999998,0,0,0,2.0000000000000003e-6,0
COPE_0992.fp2.repr,NA,0,0.9845902953770886,0,0.0039813011943903584,0,0.01142840342852103
COPE_0993.fp2.repr,z1,0,0.9999809,0,0,0,1.91e-5
COPE_0994.fp2.repr,z1,0,0.9999954,0,0,0,4.6e-6
COPE_0995.fp2.repr,z1,0,0.99999679999968,0,0,0,3.2000003200000324e-6
COPE_0996.fp2.repr,NA,0,0.9994028,0,0,0,5.972e-4
COPE_0997.fp2.repr,NA,0.9206067841213569,0,0,3.2290006458001293e-4,0.07907031581406317,0
COPE_0998.fp2.repr,z1,0,0.9999889,0,0,0,1.11e-5
COPE_0999.fp2.repr,NA,0.99991440000856,0,0,1.99999980000002e-7,8.539999146000085e-5,0
COPE_1000.fp2.repr,z1,2.2880016016011215e-4,0.9992694994886496,1.5600010920007645e-5,2.400001680001176e-5,1.3900009730006811e-5,4.482003137402197e-4
COPE_1001.fp2.repr,z1,0,0.9998798,0,2.2100000000000002e-5,0,9.809999999999999e-5
COPE_1002.fp2.repr,z0,0.9999968,0,0,0,3.2000000000000003e-6,0
COPE_1003.fp2.repr,NA,0,0.9885997,0,1.0000000000000001e-7,0,0.0114002
COPE_1004.fp2.repr,z1,0,0.99998790000121,0,9.9999990000001e-8,0,1.199999880000012e-5
COPE_1005.fp2.repr,z1,0,0.99999,0,0,0,1e-5
COPE_1006.fp2.repr,z1,0,0.9999941,0,0,0,5.9e-6
COPE_1007.fp2.repr,z1,0,0.9999963,0,0,0,3.7e-6
COPE_1008.fp2.repr,z1,0,0.9999989,0,0,0,1.1e-6
COPE_1009.fp2.repr,z1,0,0.9999881,0,0,0,1.1900000000000001e-5
COPE_1010.fp2.repr,z1,0,0.99996409999282,0,1.0000002000000401e-7,0,3.5800007160001436e-5
COPE_1011.fp2.repr,z1,0,0.9999859,0,0,0,1.41e-5
COPE_1012.fp2.repr,z1,9.999997000000902e-8,0.9994010001797,2.099999370000189e-6,5.129998461000462e-5,5.999998200000541e-7,5.448998365300491e-4
COPE_1013.fp2.repr,NA,0.027942922354337884,0.9410065528052423,6.097004877603903e-4,0.023297018637614908,0.0018925015140012112,0.005251304201043362
COPE_1014.fp2.repr,NA,0,0.9998959000000001,0,1.0000000000000001e-7,0,1.0400000000000001e-4
COPE_1015.fp2.repr,z1,0,0.9999921,0,1.0000000000000001e-7,0,7.8e-6
COPE_1016.fp2.repr,NA,0,0.9995476,0,7e-7,0,4.517e-4
COPE_1017.fp2.repr,z0,0.9999899,0,0,0,1.01e-5,0
COPE_1018.fp2.repr,z1,0,0.9999852,0,0,0,1.48e-5
COPE_1019.fp2.repr,z1,0,0.99997250000275,0,2.5999997400000254e-6,0,2.4899997510000246e-5
COPE_1020.fp2.repr,z1,0,0.9999929,0,1.0000000000000001e-7,0,7e-6
COPE_1021.fp2.repr,NA,0.9998233,0,0,5.000000000000001e-7,1.762e-4,0
COPE_1023.fp2.repr,NA,0.0010869013042815651,0.9707735649282779,2.0400024480029374e-5,0.024837929805515767,3.2860039432047316e-4,0.002952603543124252
COPE_1024.fp2.repr,z1,0,0.9999926,0,0,0,7.4e-6
COPE_1025.fp2.repr,NA,0.9703676029632397,5.999999400000059e-7,3.0999996900000312e-6,0.02102779789722021,0.008594899140510086,5.99999940000006e-6
COPE_1026.fp2.repr,z0,0.9999839,0,0,0,1.6100000000000002e-5,0
COPE_1027.fp2.repr,z0,0.9999901,0,0,0,9.9e-6,0
COPE_1028.fp2.repr,z1,0,0.9999563,0,0,0,4.37e-5
COPE_1029.fp2.repr,z1,0,0.9999454999945501,0,3.0000003000000306e-7,0,5.4200005420000545e-5
COPE_1030.fp2.repr,NA,0,0.99992620000738,0,2.9999997000000295e-7,0,7.349999265000073e-5
COPE_1031.fp2.repr,z1,0,0.9999415,0,0,0,5.85e-5
COPE_1032.fp2.repr,NA,0,0.9997467999746801,0,3.2000003200000324e-6,0,2.500000250000025e-4
COPE_1033.fp2.repr,NA,0.9970784973706476,0,4.00000360000324e-7,1.7690015921014327e-4,0.002744202469782223,0
COPE_1034.fp2.repr,NA,0,0.9996046,0,0,0,3.954e-4
COPE_1035.fp2.repr,z1,0,0.9999750000000001,0,1.0000000000000001e-7,0,2.49e-5
COPE_1036.fp2.repr,z0,0.9999973,0,0,0,2.7e-6,0
COPE_1037.fp2.repr,NA,0,0.9999516,0,0,0,4.8400000000000004e-5
COPE_1038.fp2.repr,z1,0,0.99995450000455,0,2.99999970000003e-7,0,4.519999548000045e-5
COPE_1039.fp2.repr,z1,0,0.9999192,0,4.0000000000000003e-7,0,8.04e-5
COPE_1040.fp2.repr,NA,0,0.9995252999525299,0,1.900000190000019e-6,0,4.728000472800047e-4
COPE_1041.fp2.repr,NA,0,0,0.8810550405275203,0.07098913549456774,0.009834404917202458,0.03812141906070953
COPE_1042.fp2.repr,z1,0,0.99994559999456,0,0,0,5.440000544000054e-5
COPE_1043.fp2.repr,NA,0,0.9999924,0,0,0,7.6e-6
COPE_1044.fp2.repr,z0,0.9999694,0,0,0,3.06e-5,0
COPE_1045.fp2.repr,z0,0.9999822,0,0,4.0000000000000003e-7,1.74e-5,0
COPE_1046.fp2.repr,z0,0.9999745999974601,0,0,1.0000001000000101e-7,2.5300002530000255e-5,0
COPE_1047.fp2.repr,z0,0.99999319999932,0,0,0,6.800000680000069e-6,0
COPE_1048.fp2.repr,z1,0,0.99995,0,0,0,5e-5
COPE_1049.fp2.repr,z1,0,0.9999994,0,0,0,6.000000000000001e-7
COPE_1050.fp2.repr,z0,0.9999861,0,0,0,1.39e-5,0
COPE_1051.fp2.repr,z1,0,0.9999935,0,0,0,6.5000000000000004e-6
COPE_1052.fp2.repr,z0,0.516375086123659,0.4661379600766019,0.002389088737192057,0.004155349757762846,0.00660201420018911,0.004340501104594954
COPE_1053.fp2.repr,z0,0.9999757000024299,0,0,2.9999997000000295e-7,2.399999760000024e-5,0
COPE_1054.fp2.repr,NA,0,0.9926104007389598,0,2.0799997920000207e-5,0,0.007368799263120073
COPE_1055.fp2.repr,NA,0,0.9999886,0,0,0,1.14e-5
COPE_1056.fp2.repr,z1,0,0.9999902,0,0,0,9.8e-6
COPE_1058.fp2.repr,NA,0,0.9999426,0,0,0,5.74e-5
COPE_1059.fp2.repr,NA,0,0.9970595,0,3.6e-6,0,0.0029368999999999997
COPE_1060.fp2.repr,NA,0,0.9991689999169,0,2.700000270000027e-6,0,8.283000828300083e-4
COPE_1061.fp2.repr,NA,0.0129412,0,0.0443066,0.0853879,0.8573629,1.4000000000000001e-6
COPE_1062.fp2.repr,NA,0,0.9998378,0,0,0,1.622e-4
COPE_1063.fp2.repr,z0,0.9999911,0,0,0,8.900000000000001e-6,0
COPE_1064.fp2.repr,z1,0,0.9999994,0,0,0,6.000000000000001e-7
COPE_1065.fp2.repr,NA,0,0.949689089937818,0,3.359000671800134e-4,0,0.04997500999500199
COPE_1066.fp2.repr,z1,5.199000519900052e-4,0.99857979985798,2.420000242000024e-5,8.400000840000084e-5,1.5500001550000156e-5,7.766000776600078e-4
COPE_1067.fp2.repr,z1,0,0.9999477000104601,0,8.99999820000036e-7,0,5.139998972000207e-5
COPE_1068.fp2.repr,z1,0,0.9999837999983799,0,0,0,1.6200001620000162e-5
COPE_1069.fp2.repr,z1,6.000003600002161e-7,0.9989041993425196,1.4000008400005042e-6,1.5510009306005584e-4,5.000003000001801e-7,9.382005629203378e-4
COPE_1070.fp2.repr,z1,0,0.9997999,0,9.1e-6,0,1.91e-4
COPE_1071.fp2.repr,NA,0,0.9760152976015298,1.0000001000000101e-7,5.3400005340000533e-5,0,0.02393120239312024
COPE_1072.fp2.repr,z1,0,0.9999976,0,0,0,2.4e-6
COPE_1073.fp2.repr,z1,0,0.9999819,0,0,0,1.8100000000000003e-5
COPE_1074.fp2.repr,z1,0,0.9999818,0,0,0,1.82e-5
COPE_1075.fp2.repr,z1,0,0.9999964,0,0,0,3.6000000000000003e-6
COPE_1076.fp2.repr,NA,0,0.99995180000482,0,9.9999990000001e-8,0,4.809999519000048e-5
COPE_1077.fp2.repr,z1,2.500000750000225e-6,0.9989228996768699,3.600001080000324e-6,1.1280003384001016e-4,2.300000690000207e-6,9.55900286770086e-4
COPE_1078.fp2.repr,z1,3.0000018000010805e-7,0.99974219984532,3.0000018000010805e-7,1.0800006480003888e-5,0,2.464001478400887e-4
COPE_1079.fp2.repr,z1,0,0.9999965,0,0,0,3.5e-6
COPE_1080.fp2.repr,z1,0,0.99997419999484,0,0,0,2.580000516000103e-5
COPE_1081.fp2.repr,z1,0,0.9999998,0,0,0,2.0000000000000002e-7
COPE_1082.fp2.repr,NA,0.008931403572561428,0.4597723839089536,0.003965401586160634,0.3206117282446913,0.015368006147202459,0.1913510765404306
COPE_1084.fp2.repr,NA,0,0.99983379998338,0,1.6700001670000167e-5,0,1.495000149500015e-4
COPE_1085.fp2.repr,NA,3.672001836000918e-4,0.9908071954035977,5.567002783501391e-4,6.586003293001646e-4,1.156000578000289e-4,0.007494703747351873
COPE_1086.fp2.repr,NA,4.99999850000045e-7,0.8968265309520408,6.099998170000549e-5,0.0021501993549401938,7.899997630000711e-6,0.10095386971383909
COPE_1087.fp2.repr,z1,0,0.9999961,0,0,0,3.9e-6
COPE_1088.fp2.repr,NA,0.0029076034891241873,0.9774725729670876,2.1960026352031624e-4,0.0031960038352046023,1.3130015756018906e-4,0.016072919287503148
COPE_1089.fp2.repr,NA,0.9968187996818799,0,0,2.930000293000029e-5,0.003151900315190031,0
COPE_1090.fp2.repr,z0,0.9837553016244699,0.013218498678150134,2.4389997561000248e-4,4.1479995852000424e-4,0.0019746998025300198,3.92799960720004e-4
COPE_1091.fp2.repr,z1,0,0.9999925,0,0,0,7.5e-6
COPE_1092.fp2.repr,z1,0,0.9984540989178693,1.0000007000004901e-7,2.974002081801457e-4,0,0.0012484008738806117
COPE_1093.fp2.repr,NA,0,0.9999243,0,0,0,7.57e-5
COPE_1094.fp2.repr,z1,0,0.9999932,0,1.0000000000000001e-7,0,6.7e-6
COPE_1095.fp2.repr,z1,0,0.9999953,0,0,0,4.7e-6
COPE_1096.fp2.repr,z1,0,0.9999911,0,0,0,8.9e-6
COPE_1097.fp2.repr,NA,0.9591544918308984,0,0,0.0032025006405001282,0.03764300752860151,0
COPE_1098.fp2.repr,z1,0,0.99990089999009,0,1.900000190000019e-6,0,9.720000972000097e-5
COPE_1099.fp2.repr,z1,0,0.9999965999996601,0,0,0,3.4000003400000343e-6
COPE_1100.fp2.repr,z1,0,0.9999969,0,0,0,3.1e-6
COPE_1101.fp2.repr,z1,3.41e-5,0.9987935,1.17e-5,3.057e-4,1.4200000000000001e-5,0.00084079999999999995
COPE_1102.fp2.repr,z1,0,0.9999993,0,0,0,7.000000000000001e-7
COPE_1103.fp2.repr,z1,0,0.9999339999868,0,5.0000010000002e-7,0,6.550001310000262e-5
COPE_1104.fp2.repr,z1,0,0.9999769999977,0,7.00000070000007e-7,0,2.2300002230000222e-5
COPE_1105.fp2.repr,z1,0,0.999941,0,0,0,5.9000000000000004e-5
COPE_1106.fp2.repr,z1,0,0.99990219997066,0,3.500001050000315e-6,0,9.430002829000848e-5
COPE_1107.fp2.repr,z1,0,0.9999976,0,0,0,2.4000000000000003e-6
COPE_1108.fp2.repr,z1,0,0.9999969,0,0,0,3.1000000000000004e-6
COPE_1109.fp2.repr,z1,2.0000004000000802e-7,0.9997141999428399,3.0000006000001206e-7,2.050000410000082e-5,0,2.648000529600106e-4
COPE_1110.fp2.repr,z1,0,0.9999939,0,0,0,6.1e-6
COPE_1111.fp2.repr,NA,0,0.9885844977168995,0,1.900000380000076e-6,0,0.011413602282720457
COPE_1112.fp2.repr,z1,0,0.9999917,0,0,0,8.3e-6
COPE_1113.fp2.repr,z1,0.005844501753350525,0.989109696732909,1.592000477600143e-4,0.0013426004027801207,4.725001417500425e-4,0.0030715009214502763
COPE_1114.fp2.repr,z1,0,0.99999160000084,0,9.9999990000001e-8,0,8.299999170000082e-6
COPE_1115.fp2.repr,z1,0,0.9999961,0,0,0,3.9e-6
COPE_1116.fp2.repr,z1,0,0.9999984,0,0,0,1.6000000000000001e-6
COPE_1117.fp2.repr,z1,0,0.99999779999978,0,0,0,2.200000220000022e-6
COPE_1118.fp2.repr,z1,0,0.9999976,0,0,0,2.4000000000000003e-6
COPE_1119.fp2.repr,NA,0.9999801,0,0,0,1.99e-5,0
COPE_1120.fp2.repr,NA,0,0.999549,0,1.0000000000000001e-7,0,4.509e-4
COPE_1121.fp2.repr,NA,0,0.9999979,0,0,0,2.1000000000000002e-6
COPE_1122.fp2.repr,z1,0,0.99998059999612,0,0,0,1.9400003880000776e-5
COPE_1123.fp2.repr,NA,9.17000917000917e-5,0.99000609000609,9.600009600009599e-6,0.006438806438806439,9.260009260009261e-5,0.003361203361203361
COPE_1124.fp2.repr,NA,0,0.9983501,0,5.597e-4,0,0.0010902
COPE_1125.fp2.repr,NA,0,0.9999711,0,0,0,2.89e-5
COPE_1126.fp2.repr,z1,0,0.999996,0,0,0,4.000000000000001e-6
COPE_1127.fp2.repr,z1,0,0.9999727,0,0,0,2.73e-5
COPE_1128.fp2.repr,z1,0,0.999995,0,0,0,4.9999999999999996e-6
COPE_1129.fp2.repr,z1,0,0.9999792,0,3e-7,0,2.05e-5
COPE_1130.fp2.repr,z1,0,0.9999959,0,0,0,4.1000000000000006e-6
COPE_1131.fp2.repr,NA,0,0.08908301781660356,9.100001820000365e-6,0.013905802781160556,0,0.8970020794004159
COPE_1132.fp2.repr,z1,0,0.999471,0,2.854e-4,0,2.4359999999999999e-4
COPE_1134.fp2.repr,NA,0,0.9835525967105193,0,8.000001600000319e-6,0,0.01643940328788066
COPE_1135.fp2.repr,z1,0,0.9999872,0,0,0,1.28e-5
COPE_1136.fp2.repr,NA,0,0.9999948,0,0,0,5.2e-6
COPE_1137.fp2.repr,z1,0,0.99992359999236,0,9.000000900000091e-7,0,7.550000755000076e-5
COPE_1138.fp2.repr,NA,0.9995111,0,0,1.712e-4,3.177e-4,0
COPE_1139.fp2.repr,z1,0,0.9999909,0,0,0,9.1e-6
COPE_1140.fp2.repr,z1,0,0.9999976,0,0,0,2.4000000000000003e-6
COPE_1141.fp2.repr,NA,0.9730802838481704,0,1.0000006000003601e-7,0.01745221047132628,0.009467405680443408,0
COPE_1142.fp2.repr,NA,0,0.995419,0,4.89e-4,0,0.004092
COPE_1143.fp2.repr,z1,0,0.9999934,0,0,0,6.6e-6
COPE_1144.fp2.repr,NA,0,0.9989654998965499,0,7.00000070000007e-7,0,0.0010338001033800104
COPE_1145.fp2.repr,z1,0,0.99993790000621,0,9.9999990000001e-8,0,6.19999938000006e-5
COPE_1146.fp2.repr,z1,0,0.9999945999994599,0,0,0,5.400000540000054e-6
COPE_1147.fp2.repr,z0,0.9851731955519586,0.011080103324030997,8.380002514000754e-5,6.186001855800556e-4,0.002909000872700262,1.3530004059001218e-4
COPE_1148.fp2.repr,NA,0,0.99868829986883,0,1.1800001180000119e-5,0,0.0012999001299900128
COPE_1149.fp2.repr,NA,0,0.9999646,0,0,0,3.54e-5
COPE_1150.fp2.repr,NA,0,0.99978509997851,0,2.00000020000002e-7,0,2.1470002147000211e-4
COPE_1151.fp2.repr,z1,0.00824850907335998,0.9887634876398365,2.1130023243025567e-4,3.62800399080439e-4,2.822003104203415e-4,0.002131702344872579
COPE_1152.fp2.repr,z0,0.9999936,0,0,0,6.4000000000000006e-6,0
COPE_1153.fp2.repr,z1,0,0.9995139997083998,0,7.600004560002737e-5,0,4.100002460001476e-4
COPE_1154.fp2.repr,z0,0.999997,0,0,0,3e-6,0
COPE_1155.fp2.repr,z0,0.99999339999934,0,0,0,6.600000660000067e-6,0
COPE_1156.fp2.repr,NA,0.99950059990012,0,0,5.400001080000216e-6,4.940000988000198e-4,0
COPE_1157.fp2.repr,z0,0.99992919999292,0,0,2.00000020000002e-7,7.060000706000069e-5,0
COPE_1158.fp2.repr,z0,0.9991073996429598,0,0,1.0710004284001714e-4,7.855003142001256e-4,0
COPE_1159.fp2.repr,NA,0,0.9953904995390499,0,2.8330002833000284e-4,0,0.004326200432620043
COPE_1160.fp2.repr,z1,0,0.9999896,0,2.0000000000000002e-7,0,1.02e-5
COPE_1161.fp2.repr,z1,0,0.9999969,0,0,0,3.1e-6
COPE_1162.fp2.repr,z1,4.7399990520001896e-4,0.99745460050908,5.1699989660002075e-5,2.891999421600116e-4,3.0599993880001224e-5,0.0016998996600200683
COPE_1163.fp2.repr,z1,0,0.99978859993658,0,1.6800005040001516e-5,0,1.9460005838001755e-4
COPE_1164.fp2.repr,z1,0,0.99993929998179,0,1.5000004500001349e-6,0,5.920001776000533e-5
COPE_1165.fp2.repr,z1,0,0.9999968,0,0,0,3.2000000000000003e-6
COPE_1166.fp2.repr,NA,0.9934912986982597,0,0,2.2100004420000883e-5,0.00648660129732026,0
COPE_1167.fp2.repr,z1,0,0.9999973,0,0,0,2.7000000000000004e-6
COPE_1168.fp2.repr,NA,0,0.9999739,0,0,0,2.61e-5
COPE_1169.fp2.repr,z1,0,0.9999969,0,0,0,3.1000000000000004e-6
COPE_1170.fp2.repr,z1,0,0.9999954,0,0,0,4.6e-6
COPE_1171.fp2.repr,z1,0,0.9999844,0,0,0,1.56e-5
COPE_1172.fp2.repr,z1,0,0.99986479997296,0,1.1400002280000457e-5,0,1.2380002476000495e-4
COPE_1173.fp2.repr,NA,0,0.9999961,0,0,0,3.9e-6
COPE_1174.fp2.repr,z1,0,0.999977,0,0,0,2.3e-5
COPE_1175.fp2.repr,z1,0,0.9999887000000001,0,0,0,1.13e-5
COPE_1176.fp2.repr,z1,0,0.9999817,0,0,0,1.83e-5
COPE_1177.fp2.repr,z1,0,0.9999797,0,0,0,2.03e-5
COPE_1178.fp2.repr,z1,0,0.9999967,0,0,0,3.3e-6
COPE_1179.fp2.repr,z1,0,0.9999936,0,0,0,6.4000000000000006e-6
COPE_1180.fp2.repr,NA,0,0.9991729,0,1.4999999999999998e-6,0,8.256e-4
COPE_1181.fp2.repr,z1,0,0.9999402000000001,0,0,0,5.98e-5
COPE_1182.fp2.repr,z1,0.002102201051100526,0.9949877974938988,1.1240005620002809e-4,4.609002304501152e-4,1.0860005430002715e-4,0.002228101114050557
COPE_1183.fp2.repr,NA,0,0.9999894,0,0,0,1.06e-5
COPE_1184.fp2.repr,z1,0,0.9999955,0,0,0,4.5e-6
COPE_1185.fp2.repr,NA,0,0.9880244976048995,0,0.004893200978640195,0,0.007082301416460283
COPE_1186.fp2.repr,NA,0,0.9569857956985796,0,0.011031901103190111,3.0000003000000295e-7,0.03198200319820031
COPE_1187.fp2.repr,NA,0,0.99855939985594,0,0,0,0.0014406001440600146
COPE_1188.fp2.repr,NA,0,0.9999809,0,0,0,1.91e-5
COPE_1189.fp2.repr,z0,0.9999976,0,0,0,2.4000000000000003e-6,0
COPE_1190.fp2.repr,NA,0.9998691,0,0,1.0000000000000001e-7,1.308e-4,0
COPE_1191.fp2.repr,z0,0.9999785000021499,0,0,9.9999990000001e-8,2.1399997860000216e-5,0
COPE_1192.fp2.repr,z1,0.13634489511931144,0.847798578616478,0.003123843750889422,0.0025396134310665913,0.0031557668032563047,0.007037302278998247
COPE_1193.fp2.repr,z0,0.995978197184738,2.747001922901346e-4,5.0700035490024845e-5,9.358006550604585e-4,0.00273330191331134,2.730001911001338e-5
COPE_1194.fp2.repr,NA,0,0.9926895992689598,0,1.100000110000011e-6,0,0.007309300730930073
COPE_1195.fp2.repr,z1,0,0.99989119996736,1.00000030000009e-7,6.0000018000005395e-6,0,1.0270003081000924e-4
COPE_1196.fp2.repr,NA,0.9627541851016741,0,2.300000920000368e-6,0.028860511544204617,0.008377303350921341,5.7000022800009125e-6
COPE_1197.fp2.repr,NA,0,0.9998802,0,3.0000000000000004e-7,0,1.195e-4
COPE_1198.fp2.repr,NA,0,0.9988212,0,1.1e-6,0,0.0011777
COPE_1199.fp2.repr,z1,0,0.9999893,0,0,0,1.0700000000000001e-5
COPE_1200.fp2.repr,NA,0,0.99937689993769,0,1.600000160000016e-6,0,6.215000621500063e-4
COPE_1201.fp2.repr,z1,0,0.9999763,0,0,0,2.37e-5
COPE_1202.fp2.repr,NA,0,0.9994551998910399,0,2.1000004200000843e-6,0,5.427001085400217e-4
COPE_1203.fp2.repr,NA,0.977705595541119,0,0,1.5000003000000598e-5,0.02227940445588089,0
COPE_1204.fp2.repr,z1,0.011526101152610118,0.9859899985989999,2.0390002039000205e-4,2.1630002163000218e-4,2.5060002506000254e-4,0.0018131001813100182
COPE_1205.fp2.repr,z1,0,0.9999626,0,4.0000000000000003e-7,0,3.7e-5
COPE_1206.fp2.repr,z1,0,0.9999719999972,0,4.00000040000004e-7,0,2.7600002760000273e-5
COPE_1207.fp2.repr,z0,0.9999895,0,0,0,1.0500000000000001e-5,0
COPE_1208.fp2.repr,z1,0,0.99997209999721,0,2.0000002000000202e-7,0,2.770000277000028e-5
COPE_1209.fp2.repr,NA,0,0.9999452,0,0,0,5.48e-5
COPE_1210.fp2.repr,NA,0,0.9999537000000001,0,4.0000000000000003e-7,0,4.59e-5
COPE_1211.fp2.repr,z1,0,0.9999878,0,0,0,1.22e-5
COPE_1212.fp2.repr,z1,0,0.9999865999986599,0,1.00000010000001e-7,0,1.3300001330000134e-5
COPE_1213.fp2.repr,NA,4.190006285009427e-5,0.9961292941939413,2.3900035850053772e-5,5.826008739013108e-4,5.6000084000126e-6,0.0032167048250572373
COPE_1214.fp2.repr,NA,0.016775915098323588,0.7216594494935046,7.070006363005726e-4,0.22849650564685509,0.0041038036934233245,0.028257325431592886
COPE_1215.fp2.repr,NA,0,0.9999967,0,0,0,3.3e-6
COPE_1216.fp2.repr,z1,0,0.9999982,0,0,0,1.8000000000000001e-6
COPE_1217.fp2.repr,z1,0.0016657998334200165,0.9941011005898899,2.6539997346000264e-4,7.000999299900069e-4,3.108999689100031e-4,0.0029566997043300293
COPE_1218.fp2.repr,NA,0,0.9998186,0,0,0,1.814e-4
COPE_1219.fp2.repr,z1,0,0.9999922,0,0,0,7.8e-6
COPE_1220.fp2.repr,z1,0,0.99996850000315,0,1.5999998400000159e-6,0,2.9899997010000298e-5
COPE_1221.fp2.repr,NA,0.9982606994782098,0,0,7.700002310000692e-6,0.0017316005194801557,0
COPE_1222.fp2.repr,z1,0,0.99990219997066,0,7.000002100000631e-7,0,9.710002913000874e-5
COPE_1223.fp2.repr,z1,0,0.9999884,0,0,0,1.16e-5
COPE_1224.fp2.repr,z1,0,0.99999639999964,0,0,0,3.6000003600000363e-6
COPE_1225.fp2.repr,z1,7.6e-6,0.9991404,3.8e-6,1.355e-4,4e-6,7.087e-4
COPE_1226.fp2.repr,z1,0,0.9999943,0,0,0,5.7000000000000005e-6
COPE_1227.fp2.repr,z0,0.9999737,0,0,1.0000000000000001e-7,2.62e-5,0
COPE_1228.fp2.repr,z1,0.001055400316620095,0.9928322978496894,5.00500150150045e-4,0.002124400637320191,9.810002943000883e-4,0.0025064007519202255
COPE_1229.fp2.repr,z1,0,0.99999,0,0,0,1e-5
COPE_1230.fp2.repr,z0,0.9998026,0,0,1.5e-6,1.959e-4,0
COPE_1231.fp2.repr,z1,0,0.9999973,0,0,0,2.7e-6
COPE_1232.fp2.repr,NA,0,0.9994686,0,1.0000000000000001e-7,0,5.313000000000001e-4
COPE_1233.fp2.repr,z1,0,0.9999642999928601,0,1.0000002000000401e-7,0,3.5600007120001425e-5
COPE_1234.fp2.repr,z0,0.9999927,0,0,0,7.3e-6,0
COPE_1235.fp2.repr,z1,0,0.9999892,0,0,0,1.08e-5
COPE_1236.fp2.repr,z1,0,0.9999957,0,0,0,4.3e-6
COPE_1237.fp2.repr,z1,0,0.9999959,0,0,0,4.1e-6
COPE_1238.fp2.repr,z1,0,0.9999869,0,1.0000000000000001e-7,0,1.3000000000000001e-5
COPE_1239.fp2.repr,NA,0.16395706989021788,0.7639843962088838,0.0019196844125983592,0.05171284754872079,0.011730843340088773,0.006695158599490379
COPE_1240.fp2.repr,z1,0,0.9999867,0,0,0,1.3300000000000001e-5
COPE_1241.fp2.repr,z1,0,0.9999944,0,0,0,5.6e-6
COPE_1242.fp2.repr,NA,0,0.99997,0,0,0,3e-5
COPE_1243.fp2.repr,z1,0,0.9999964,0,0,0,3.6000000000000003e-6
COPE_1244.fp2.repr,z1,0,0.99995299999059994,0,4.0000008000001605e-7,0,4.6600009320001864e-5
COPE_1245.fp2.repr,z1,0,0.9999962,0,0,0,3.8e-6
COPE_1246.fp2.repr,z1,8.000004800002881e-7,0.9980001988001193,9.200005520003312e-6,2.617001570200942e-4,3.900002340001404e-6,0.0017242010345206206
COPE_1247.fp2.repr,z1,0,0.9998806999403499,0,2.100001050000525e-6,0,1.1720005860002929e-4
COPE_1248.fp2.repr,NA,0.9879375987937599,0,0,5.110000511000051e-5,0.01201130120113012,0
COPE_1249.fp2.repr,z0,0.9999921,0,0,0,7.9e-6,0
COPE_1250.fp2.repr,NA,0,0.7326023197806959,5.400001620000486e-6,0.0310875093262528,0,0.23630477089143126
COPE_1251.fp2.repr,z1,0,0.9999854,0,0,0,1.46e-5
COPE_1252.fp2.repr,NA,0,0.9999839,0,0,0,1.6100000000000002e-5
COPE_1253.fp2.repr,NA,0,0.9988948,0,4.7e-6,0,0.0011005
COPE_1254.fp2.repr,z1,0,0.99989689998969,0,0,0,1.0310001031000102e-4
COPE_1255.fp2.repr,z1,0,0.9999882,0,4.0000000000000003e-7,0,1.1400000000000001e-5
COPE_1256.fp2.repr,z1,0,0.9999961,0,0,0,3.9e-6
COPE_1257.fp2.repr,NA,0,0.9880837,0,6.804e-4,0,0.0112359
COPE_1258.fp2.repr,z1,0,0.9995086998034799,7.300002920001168e-6,1.50000060000024e-5,9.000003600001441e-7,4.681001872400749e-4
COPE_1259.fp2.repr,z1,0,0.9999935,0,0,0,6.5000000000000004e-6
COPE_1260.fp2.repr,z1,0,0.9999626,0,0,0,3.74e-5
COPE_1261.fp2.repr,NA,0,0.9996992999699299,0,6.10000061000006e-5,0,2.397000239700024e-4
COPE_1263.fp2.repr,z1,0,0.9998444999067,0,4.600002760001656e-6,0,1.5090009054005433e-4
COPE_1264.fp2.repr,NA,0,0.9705517029448296,0,0.017510198248980174,0,0.01193809880619012
COPE_1265.fp2.repr,NA,0,0.9999326,0,1.0000000000000001e-7,0,6.73e-5
COPE_1266.fp2.repr,z1,0,0.9999419,0,0,0,5.81e-5
